file,class,method,constructor,line,cbo,cboModified,fanin,fanout,wmc,rfc,loc,returnsQty,variablesQty,parametersQty,methodsInvokedQty,methodsInvokedLocalQty,methodsInvokedIndirectLocalQty,loopQty,comparisonsQty,tryCatchQty,parenthesizedExpsQty,stringLiteralsQty,numbersQty,assignmentsQty,mathOperationsQty,maxNestedBlocksQty,anonymousClassesQty,innerClassesQty,lambdasQty,uniqueWordsQty,modifiers,logStatementsQty,hasJavaDoc
/media/dhanush/Partition/MTech/4th_Semester/CS6.401_Software_Engineering/Take_Home_Activities/A2/Reservation-System-Starter/src/main/java/Runner.java,Runner,main/1[java.lang.String[]],false,43,0,0,0,0,1,0,2,0,0,1,0,0,0,0,0,0,0,0,0,0,0,0,0,0,0,2,9,0,false
/media/dhanush/Partition/MTech/4th_Semester/CS6.401_Software_Engineering/Take_Home_Activities/A2/Reservation-System-Starter/src/main/java/flight/reservation/flight/ScheduledFlight.java,flight.reservation.flight.ScheduledFlight,"ScheduledFlight/5[int,flight.reservation.Airport,flight.reservation.Airport,java.lang.Object,java.util.Date]",true,19,2,1,1,0,1,0,5,0,0,5,0,0,0,0,0,0,0,0,0,2,0,0,0,0,0,4,1,0,false
/media/dhanush/Partition/MTech/4th_Semester/CS6.401_Software_Engineering/Take_Home_Activities/A2/Reservation-System-Starter/src/main/java/flight/reservation/flight/ScheduledFlight.java,flight.reservation.flight.ScheduledFlight,removePassengers/1[java.util.List<flight.reservation.Passenger>],false,49,1,0,0,0,1,1,3,0,0,1,1,0,0,0,0,0,0,0,0,0,0,0,0,0,0,3,1,0,false
/media/dhanush/Partition/MTech/4th_Semester/CS6.401_Software_Engineering/Take_Home_Activities/A2/Reservation-System-Starter/src/main/java/flight/reservation/flight/ScheduledFlight.java,flight.reservation.flight.ScheduledFlight,getCurrentPrice/0,false,78,0,0,0,0,1,0,3,1,0,0,0,0,0,0,0,0,0,0,0,0,0,0,0,0,0,4,1,0,false
/media/dhanush/Partition/MTech/4th_Semester/CS6.401_Software_Engineering/Take_Home_Activities/A2/Reservation-System-Starter/src/main/java/flight/reservation/flight/ScheduledFlight.java,flight.reservation.flight.ScheduledFlight,getCrewMemberCapacity/0,false,32,3,0,0,0,4,0,12,3,0,0,0,0,0,0,0,0,1,1,2,0,0,1,0,0,0,19,1,0,false
/media/dhanush/Partition/MTech/4th_Semester/CS6.401_Software_Engineering/Take_Home_Activities/A2/Reservation-System-Starter/src/main/java/flight/reservation/flight/ScheduledFlight.java,flight.reservation.flight.ScheduledFlight,addPassengers/1[java.util.List<flight.reservation.Passenger>],false,45,1,1,1,0,1,1,3,0,0,1,1,0,0,0,0,0,0,0,0,0,0,0,0,0,0,3,1,0,false
/media/dhanush/Partition/MTech/4th_Semester/CS6.401_Software_Engineering/Take_Home_Activities/A2/Reservation-System-Starter/src/main/java/flight/reservation/flight/ScheduledFlight.java,flight.reservation.flight.ScheduledFlight,getCapacity/0,false,53,3,2,1,1,4,1,12,3,0,0,1,0,0,0,0,0,2,1,1,0,0,1,0,0,0,16,1,0,false
/media/dhanush/Partition/MTech/4th_Semester/CS6.401_Software_Engineering/Take_Home_Activities/A2/Reservation-System-Starter/src/main/java/flight/reservation/flight/ScheduledFlight.java,flight.reservation.flight.ScheduledFlight,setCurrentPrice/1[double],false,82,0,0,0,0,1,0,3,0,0,1,0,0,0,0,0,0,0,0,0,1,0,0,0,0,0,4,1,0,false
/media/dhanush/Partition/MTech/4th_Semester/CS6.401_Software_Engineering/Take_Home_Activities/A2/Reservation-System-Starter/src/main/java/flight/reservation/flight/ScheduledFlight.java,flight.reservation.flight.ScheduledFlight,getAvailableCapacity/0,false,66,1,3,2,1,1,2,3,1,0,0,2,1,1,0,0,0,0,0,0,0,1,0,0,0,0,7,1,0,false
/media/dhanush/Partition/MTech/4th_Semester/CS6.401_Software_Engineering/Take_Home_Activities/A2/Reservation-System-Starter/src/main/java/flight/reservation/flight/ScheduledFlight.java,flight.reservation.flight.ScheduledFlight,"ScheduledFlight/6[int,flight.reservation.Airport,flight.reservation.Airport,java.lang.Object,java.util.Date,double]",true,25,2,0,0,0,1,0,6,0,0,6,0,0,0,0,0,0,0,0,0,3,0,0,0,0,0,6,1,0,false
/media/dhanush/Partition/MTech/4th_Semester/CS6.401_Software_Engineering/Take_Home_Activities/A2/Reservation-System-Starter/src/main/java/flight/reservation/flight/ScheduledFlight.java,flight.reservation.flight.ScheduledFlight,getDepartureTime/0,false,70,0,0,0,0,1,0,3,1,0,0,0,0,0,0,0,0,0,0,0,0,0,0,0,0,0,5,1,0,false
/media/dhanush/Partition/MTech/4th_Semester/CS6.401_Software_Engineering/Take_Home_Activities/A2/Reservation-System-Starter/src/main/java/flight/reservation/flight/ScheduledFlight.java,flight.reservation.flight.ScheduledFlight,getPassengers/0,false,74,1,0,0,0,1,0,3,1,0,0,0,0,0,0,0,0,0,0,0,0,0,0,0,0,0,3,1,0,false
/media/dhanush/Partition/MTech/4th_Semester/CS6.401_Software_Engineering/Take_Home_Activities/A2/Reservation-System-Starter/src/main/java/flight/reservation/Customer.java,flight.reservation.Customer,getName/0,false,63,0,2,2,0,1,0,3,1,0,0,0,0,0,0,0,0,0,0,0,0,0,0,0,0,0,3,1,0,false
/media/dhanush/Partition/MTech/4th_Semester/CS6.401_Software_Engineering/Take_Home_Activities/A2/Reservation-System-Starter/src/main/java/flight/reservation/Customer.java,flight.reservation.Customer,setOrders/1[java.util.List<flight.reservation.order.Order>],false,75,1,0,0,0,1,0,3,0,0,1,0,0,0,0,0,0,0,0,0,1,0,0,0,0,0,3,1,0,false
/media/dhanush/Partition/MTech/4th_Semester/CS6.401_Software_Engineering/Take_Home_Activities/A2/Reservation-System-Starter/src/main/java/flight/reservation/Customer.java,flight.reservation.Customer,"createOrder/3[java.util.List<java.lang.String>,java.util.List<flight.reservation.flight.ScheduledFlight>,double]",false,23,5,7,0,7,2,12,13,1,3,3,12,1,2,0,0,0,0,1,0,2,0,1,0,0,1,14,1,0,false
/media/dhanush/Partition/MTech/4th_Semester/CS6.401_Software_Engineering/Take_Home_Activities/A2/Reservation-System-Starter/src/main/java/flight/reservation/Customer.java,flight.reservation.Customer,getEmail/0,false,55,0,0,0,0,1,0,3,1,0,0,0,0,0,0,0,0,0,0,0,0,0,0,0,0,0,3,1,0,false
/media/dhanush/Partition/MTech/4th_Semester/CS6.401_Software_Engineering/Take_Home_Activities/A2/Reservation-System-Starter/src/main/java/flight/reservation/Customer.java,flight.reservation.Customer,"Customer/2[java.lang.String,java.lang.String]",true,17,1,0,0,0,1,0,5,0,0,2,0,0,0,0,0,0,0,0,0,3,0,0,0,0,0,3,1,0,false
/media/dhanush/Partition/MTech/4th_Semester/CS6.401_Software_Engineering/Take_Home_Activities/A2/Reservation-System-Starter/src/main/java/flight/reservation/Customer.java,flight.reservation.Customer,setEmail/1[java.lang.String],false,59,0,0,0,0,1,0,3,0,0,1,0,0,0,0,0,0,0,0,0,1,0,0,0,0,0,3,1,0,false
/media/dhanush/Partition/MTech/4th_Semester/CS6.401_Software_Engineering/Take_Home_Activities/A2/Reservation-System-Starter/src/main/java/flight/reservation/Customer.java,flight.reservation.Customer,"isOrderValid/2[java.util.List<java.lang.String>,java.util.List<flight.reservation.flight.ScheduledFlight>]",false,40,3,4,1,3,3,10,16,3,3,2,10,1,1,0,0,1,0,0,0,4,0,2,0,0,2,15,2,0,false
/media/dhanush/Partition/MTech/4th_Semester/CS6.401_Software_Engineering/Take_Home_Activities/A2/Reservation-System-Starter/src/main/java/flight/reservation/Customer.java,flight.reservation.Customer,setName/1[java.lang.String],false,67,0,0,0,0,1,0,3,0,0,1,0,0,0,0,0,0,0,0,0,1,0,0,0,0,0,3,1,0,false
/media/dhanush/Partition/MTech/4th_Semester/CS6.401_Software_Engineering/Take_Home_Activities/A2/Reservation-System-Starter/src/main/java/flight/reservation/Customer.java,flight.reservation.Customer,getOrders/0,false,71,1,0,0,0,1,0,3,1,0,0,0,0,0,0,0,0,0,0,0,0,0,0,0,0,0,3,1,0,false
/media/dhanush/Partition/MTech/4th_Semester/CS6.401_Software_Engineering/Take_Home_Activities/A2/Reservation-System-Starter/src/main/java/flight/reservation/plane/Helicopter.java,flight.reservation.plane.Helicopter,getPassengerCapacity/0,false,22,0,1,1,0,1,0,3,1,0,0,0,0,0,0,0,0,0,0,0,0,0,0,0,0,0,4,1,0,false
/media/dhanush/Partition/MTech/4th_Semester/CS6.401_Software_Engineering/Take_Home_Activities/A2/Reservation-System-Starter/src/main/java/flight/reservation/plane/Helicopter.java,flight.reservation.plane.Helicopter,getModel/0,false,18,0,1,1,0,1,0,3,1,0,0,0,0,0,0,0,0,0,0,0,0,0,0,0,0,0,3,1,0,false
/media/dhanush/Partition/MTech/4th_Semester/CS6.401_Software_Engineering/Take_Home_Activities/A2/Reservation-System-Starter/src/main/java/flight/reservation/plane/Helicopter.java,flight.reservation.plane.Helicopter,Helicopter/1[java.lang.String],true,7,0,0,0,0,3,2,12,0,0,1,2,0,0,0,0,0,0,3,2,3,0,1,0,0,0,10,1,0,false
/media/dhanush/Partition/MTech/4th_Semester/CS6.401_Software_Engineering/Take_Home_Activities/A2/Reservation-System-Starter/src/main/java/flight/reservation/Airport.java,flight.reservation.Airport,getCode/0,false,33,0,1,1,0,1,0,3,1,0,0,0,0,0,0,0,0,0,0,0,0,0,0,0,0,0,3,1,0,false
/media/dhanush/Partition/MTech/4th_Semester/CS6.401_Software_Engineering/Take_Home_Activities/A2/Reservation-System-Starter/src/main/java/flight/reservation/Airport.java,flight.reservation.Airport,getName/0,false,29,0,0,0,0,1,0,3,1,0,0,0,0,0,0,0,0,0,0,0,0,0,0,0,0,0,3,1,0,false
/media/dhanush/Partition/MTech/4th_Semester/CS6.401_Software_Engineering/Take_Home_Activities/A2/Reservation-System-Starter/src/main/java/flight/reservation/Airport.java,flight.reservation.Airport,getFlights/0,false,41,1,0,0,0,1,0,3,1,0,0,0,0,0,0,0,0,0,0,0,0,0,0,0,0,0,3,1,0,false
/media/dhanush/Partition/MTech/4th_Semester/CS6.401_Software_Engineering/Take_Home_Activities/A2/Reservation-System-Starter/src/main/java/flight/reservation/Airport.java,flight.reservation.Airport,"Airport/3[java.lang.String,java.lang.String,java.lang.String]",true,15,0,0,0,0,1,0,6,0,0,3,0,0,0,0,0,0,0,7,0,4,0,0,0,0,0,4,1,0,false
/media/dhanush/Partition/MTech/4th_Semester/CS6.401_Software_Engineering/Take_Home_Activities/A2/Reservation-System-Starter/src/main/java/flight/reservation/Airport.java,flight.reservation.Airport,"Airport/4[java.lang.String,java.lang.String,java.lang.String,java.lang.String[]]",true,22,0,0,0,0,1,0,6,0,0,4,0,0,0,0,0,0,0,0,0,4,0,0,0,0,0,6,1,0,false
/media/dhanush/Partition/MTech/4th_Semester/CS6.401_Software_Engineering/Take_Home_Activities/A2/Reservation-System-Starter/src/main/java/flight/reservation/Airport.java,flight.reservation.Airport,getAllowedAircrafts/0,false,49,0,1,1,0,1,0,3,1,0,0,0,0,0,0,0,0,0,0,0,0,0,0,0,0,0,4,1,0,false
/media/dhanush/Partition/MTech/4th_Semester/CS6.401_Software_Engineering/Take_Home_Activities/A2/Reservation-System-Starter/src/main/java/flight/reservation/Airport.java,flight.reservation.Airport,getLocation/0,false,37,0,0,0,0,1,0,3,1,0,0,0,0,0,0,0,0,0,0,0,0,0,0,0,0,0,3,1,0,false
/media/dhanush/Partition/MTech/4th_Semester/CS6.401_Software_Engineering/Take_Home_Activities/A2/Reservation-System-Starter/src/main/java/flight/reservation/Airport.java,flight.reservation.Airport,setFlights/1[java.util.List<flight.reservation.flight.Flight>],false,45,1,0,0,0,1,0,3,0,0,1,0,0,0,0,0,0,0,0,0,1,0,0,0,0,0,3,1,0,false
/media/dhanush/Partition/MTech/4th_Semester/CS6.401_Software_Engineering/Take_Home_Activities/A2/Reservation-System-Starter/src/main/java/flight/reservation/plane/PassengerDrone.java,flight.reservation.plane.PassengerDrone,PassengerDrone/1[java.lang.String],true,6,0,0,0,0,2,2,8,0,0,1,2,0,0,0,0,0,0,2,0,1,0,1,0,0,0,9,1,0,false
/media/dhanush/Partition/MTech/4th_Semester/CS6.401_Software_Engineering/Take_Home_Activities/A2/Reservation-System-Starter/src/main/java/flight/reservation/flight/Schedule.java,flight.reservation.flight.Schedule,Schedule/0,true,12,1,0,0,0,1,0,3,0,0,0,0,0,0,0,0,0,0,0,0,1,0,0,0,0,0,3,1,0,false
/media/dhanush/Partition/MTech/4th_Semester/CS6.401_Software_Engineering/Take_Home_Activities/A2/Reservation-System-Starter/src/main/java/flight/reservation/flight/Schedule.java,flight.reservation.flight.Schedule,removeFlight/1[flight.reservation.flight.Flight],false,25,2,3,0,3,6,5,9,0,1,1,5,0,0,1,4,0,1,0,0,1,0,2,0,0,0,7,1,0,false
/media/dhanush/Partition/MTech/4th_Semester/CS6.401_Software_Engineering/Take_Home_Activities/A2/Reservation-System-Starter/src/main/java/flight/reservation/flight/Schedule.java,flight.reservation.flight.Schedule,searchScheduledFlight/1[int],false,42,2,1,0,1,2,5,3,1,1,1,5,0,0,0,1,0,0,0,0,0,0,0,0,0,1,7,1,0,false
/media/dhanush/Partition/MTech/4th_Semester/CS6.401_Software_Engineering/Take_Home_Activities/A2/Reservation-System-Starter/src/main/java/flight/reservation/flight/Schedule.java,flight.reservation.flight.Schedule,"scheduleFlight/2[flight.reservation.flight.Flight,java.util.Date]",false,20,2,5,0,5,1,5,4,0,1,2,5,0,0,0,0,0,0,0,0,1,0,0,0,0,0,5,1,0,false
/media/dhanush/Partition/MTech/4th_Semester/CS6.401_Software_Engineering/Take_Home_Activities/A2/Reservation-System-Starter/src/main/java/flight/reservation/flight/Schedule.java,flight.reservation.flight.Schedule,removeScheduledFlight/1[flight.reservation.flight.ScheduledFlight],false,38,1,0,0,0,1,1,3,0,0,1,1,0,0,0,0,0,0,0,0,0,0,0,0,0,0,4,1,0,false
/media/dhanush/Partition/MTech/4th_Semester/CS6.401_Software_Engineering/Take_Home_Activities/A2/Reservation-System-Starter/src/main/java/flight/reservation/flight/Schedule.java,flight.reservation.flight.Schedule,getScheduledFlights/0,false,16,1,0,0,0,1,0,3,1,0,0,0,0,0,0,0,0,0,0,0,0,0,0,0,0,0,4,1,0,false
/media/dhanush/Partition/MTech/4th_Semester/CS6.401_Software_Engineering/Take_Home_Activities/A2/Reservation-System-Starter/src/main/java/flight/reservation/flight/Schedule.java,flight.reservation.flight.Schedule,clear/0,false,49,0,0,0,0,1,1,3,0,0,0,1,0,0,0,0,0,0,0,0,0,0,0,0,0,0,1,1,0,false
/media/dhanush/Partition/MTech/4th_Semester/CS6.401_Software_Engineering/Take_Home_Activities/A2/Reservation-System-Starter/src/main/java/flight/reservation/plane/PassengerPlane.java,flight.reservation.plane.PassengerPlane,PassengerPlane/1[java.lang.String],true,9,0,0,0,0,5,1,23,0,0,1,1,0,0,0,0,0,0,5,8,9,0,1,0,0,0,12,1,0,false
/media/dhanush/Partition/MTech/4th_Semester/CS6.401_Software_Engineering/Take_Home_Activities/A2/Reservation-System-Starter/src/main/java/flight/reservation/payment/CreditCard.java,flight.reservation.payment.CreditCard,isValid/0,false,31,0,1,1,0,1,0,3,1,0,0,0,0,0,0,0,0,0,0,0,0,0,0,0,0,0,3,1,0,false
/media/dhanush/Partition/MTech/4th_Semester/CS6.401_Software_Engineering/Take_Home_Activities/A2/Reservation-System-Starter/src/main/java/flight/reservation/payment/CreditCard.java,flight.reservation.payment.CreditCard,"CreditCard/3[java.lang.String,java.util.Date,java.lang.String]",true,15,1,2,1,1,1,1,7,0,0,3,1,1,1,0,0,0,0,0,1,4,0,0,0,0,0,5,1,0,false
/media/dhanush/Partition/MTech/4th_Semester/CS6.401_Software_Engineering/Take_Home_Activities/A2/Reservation-System-Starter/src/main/java/flight/reservation/payment/CreditCard.java,flight.reservation.payment.CreditCard,setValid/0,false,35,0,1,1,0,3,4,3,0,0,0,4,0,0,0,0,0,0,1,1,1,0,0,0,0,0,2,1,0,false
/media/dhanush/Partition/MTech/4th_Semester/CS6.401_Software_Engineering/Take_Home_Activities/A2/Reservation-System-Starter/src/main/java/flight/reservation/payment/CreditCard.java,flight.reservation.payment.CreditCard,getAmount/0,false,27,0,1,1,0,1,0,3,1,0,0,0,0,0,0,0,0,0,0,0,0,0,0,0,0,0,3,1,0,false
/media/dhanush/Partition/MTech/4th_Semester/CS6.401_Software_Engineering/Take_Home_Activities/A2/Reservation-System-Starter/src/main/java/flight/reservation/payment/CreditCard.java,flight.reservation.payment.CreditCard,setAmount/1[double],false,23,0,1,1,0,1,0,3,0,0,1,0,0,0,0,0,0,0,0,0,1,0,0,0,0,0,3,1,0,false
/media/dhanush/Partition/MTech/4th_Semester/CS6.401_Software_Engineering/Take_Home_Activities/A2/Reservation-System-Starter/src/main/java/flight/reservation/flight/Flight.java,flight.reservation.flight.Flight,getNumber/0,false,51,0,3,3,0,1,0,3,1,0,0,0,0,0,0,0,0,0,0,0,0,0,0,0,0,0,3,1,0,false
/media/dhanush/Partition/MTech/4th_Semester/CS6.401_Software_Engineering/Take_Home_Activities/A2/Reservation-System-Starter/src/main/java/flight/reservation/flight/Flight.java,flight.reservation.flight.Flight,toString/0,false,64,1,1,0,1,1,2,3,1,0,0,2,0,0,0,0,0,0,3,0,0,1,0,0,0,0,3,1,0,false
/media/dhanush/Partition/MTech/4th_Semester/CS6.401_Software_Engineering/Take_Home_Activities/A2/Reservation-System-Starter/src/main/java/flight/reservation/flight/Flight.java,flight.reservation.flight.Flight,getAircraft/0,false,47,0,1,1,0,1,0,3,1,0,0,0,0,0,0,0,0,0,0,0,0,0,0,0,0,0,4,1,0,false
/media/dhanush/Partition/MTech/4th_Semester/CS6.401_Software_Engineering/Take_Home_Activities/A2/Reservation-System-Starter/src/main/java/flight/reservation/flight/Flight.java,flight.reservation.flight.Flight,"Flight/4[int,flight.reservation.Airport,flight.reservation.Airport,java.lang.Object]",true,17,2,1,0,1,1,1,7,0,0,4,1,1,2,0,0,0,0,0,0,4,0,0,0,0,0,10,1,0,false
/media/dhanush/Partition/MTech/4th_Semester/CS6.401_Software_Engineering/Take_Home_Activities/A2/Reservation-System-Starter/src/main/java/flight/reservation/flight/Flight.java,flight.reservation.flight.Flight,getArrival/0,false,59,1,2,2,0,1,0,3,1,0,0,0,0,0,0,0,0,0,0,0,0,0,0,0,0,0,4,1,0,false
/media/dhanush/Partition/MTech/4th_Semester/CS6.401_Software_Engineering/Take_Home_Activities/A2/Reservation-System-Starter/src/main/java/flight/reservation/flight/Flight.java,flight.reservation.flight.Flight,checkValidity/0,false,25,1,2,1,1,3,1,5,0,0,0,1,1,1,0,0,0,0,1,0,0,0,1,0,0,0,15,2,0,false
/media/dhanush/Partition/MTech/4th_Semester/CS6.401_Software_Engineering/Take_Home_Activities/A2/Reservation-System-Starter/src/main/java/flight/reservation/flight/Flight.java,flight.reservation.flight.Flight,isAircraftValid/1[flight.reservation.Airport],false,31,4,3,1,2,4,6,19,2,2,1,6,0,0,0,0,0,2,2,0,3,0,2,0,0,1,15,2,0,false
/media/dhanush/Partition/MTech/4th_Semester/CS6.401_Software_Engineering/Take_Home_Activities/A2/Reservation-System-Starter/src/main/java/flight/reservation/flight/Flight.java,flight.reservation.flight.Flight,getDeparture/0,false,55,1,2,2,0,1,0,3,1,0,0,0,0,0,0,0,0,0,0,0,0,0,0,0,0,0,4,1,0,false
/media/dhanush/Partition/MTech/4th_Semester/CS6.401_Software_Engineering/Take_Home_Activities/A2/Reservation-System-Starter/src/main/java/flight/reservation/order/FlightOrder.java,flight.reservation.order.FlightOrder,"processOrderWithPayPal/2[java.lang.String,java.lang.String]",false,68,2,4,0,4,6,6,13,2,1,2,6,1,1,0,2,0,0,1,0,1,0,1,0,0,0,20,1,0,false
/media/dhanush/Partition/MTech/4th_Semester/CS6.401_Software_Engineering/Take_Home_Activities/A2/Reservation-System-Starter/src/main/java/flight/reservation/order/FlightOrder.java,flight.reservation.order.FlightOrder,"payWithPayPal/3[java.lang.String,java.lang.String,double]",false,99,1,2,1,1,2,4,9,2,0,3,4,0,0,0,0,0,0,2,0,0,1,1,0,0,0,14,1,0,false
/media/dhanush/Partition/MTech/4th_Semester/CS6.401_Software_Engineering/Take_Home_Activities/A2/Reservation-System-Starter/src/main/java/flight/reservation/order/FlightOrder.java,flight.reservation.order.FlightOrder,getScheduledFlights/0,false,24,1,1,1,0,1,0,3,1,0,0,0,0,0,0,0,0,0,0,0,0,0,0,0,0,0,4,1,0,false
/media/dhanush/Partition/MTech/4th_Semester/CS6.401_Software_Engineering/Take_Home_Activities/A2/Reservation-System-Starter/src/main/java/flight/reservation/order/FlightOrder.java,flight.reservation.order.FlightOrder,cardIsPresentAndValid/1[flight.reservation.payment.CreditCard],false,64,1,3,2,1,2,1,3,1,0,1,1,0,0,0,1,0,0,0,0,0,0,0,0,0,0,8,2,0,false
/media/dhanush/Partition/MTech/4th_Semester/CS6.401_Software_Engineering/Take_Home_Activities/A2/Reservation-System-Starter/src/main/java/flight/reservation/order/FlightOrder.java,flight.reservation.order.FlightOrder,"isOrderValid/3[flight.reservation.Customer,java.util.List<java.lang.String>,java.util.List<flight.reservation.flight.ScheduledFlight>]",false,28,2,2,0,2,3,9,16,3,3,3,9,0,0,0,0,1,0,0,0,4,0,2,0,0,2,16,2,0,false
/media/dhanush/Partition/MTech/4th_Semester/CS6.401_Software_Engineering/Take_Home_Activities/A2/Reservation-System-Starter/src/main/java/flight/reservation/order/FlightOrder.java,flight.reservation.order.FlightOrder,getNoFlyList/0,false,20,0,1,1,0,1,0,3,1,0,0,0,0,0,0,0,0,0,0,0,0,0,0,0,0,0,5,9,0,false
/media/dhanush/Partition/MTech/4th_Semester/CS6.401_Software_Engineering/Take_Home_Activities/A2/Reservation-System-Starter/src/main/java/flight/reservation/order/FlightOrder.java,flight.reservation.order.FlightOrder,FlightOrder/1[java.util.List<flight.reservation.flight.ScheduledFlight>],true,16,1,1,1,0,1,0,3,0,0,1,0,0,0,0,0,0,0,0,0,1,0,0,0,0,0,3,1,0,false
/media/dhanush/Partition/MTech/4th_Semester/CS6.401_Software_Engineering/Take_Home_Activities/A2/Reservation-System-Starter/src/main/java/flight/reservation/order/FlightOrder.java,flight.reservation.order.FlightOrder,"processOrderWithCreditCardDetail/3[java.lang.String,java.util.Date,java.lang.String]",false,43,2,2,0,2,1,1,4,1,1,3,1,1,3,0,0,0,0,0,0,1,0,0,0,0,0,11,1,0,false
/media/dhanush/Partition/MTech/4th_Semester/CS6.401_Software_Engineering/Take_Home_Activities/A2/Reservation-System-Starter/src/main/java/flight/reservation/order/FlightOrder.java,flight.reservation.order.FlightOrder,processOrderWithCreditCard/1[flight.reservation.payment.CreditCard],false,48,3,6,1,5,4,5,13,2,1,1,5,2,2,0,0,0,0,1,0,1,0,1,0,0,0,23,1,0,false
/media/dhanush/Partition/MTech/4th_Semester/CS6.401_Software_Engineering/Take_Home_Activities/A2/Reservation-System-Starter/src/main/java/flight/reservation/order/FlightOrder.java,flight.reservation.order.FlightOrder,"payWithCreditCard/2[flight.reservation.payment.CreditCard,double]",false,84,3,5,1,4,3,6,15,2,1,2,6,1,1,0,0,0,0,4,1,1,2,2,0,0,0,22,1,0,false
/media/dhanush/Partition/MTech/4th_Semester/CS6.401_Software_Engineering/Take_Home_Activities/A2/Reservation-System-Starter/src/main/java/flight/reservation/Passenger.java,flight.reservation.Passenger,getName/0,false,11,0,0,0,0,1,0,3,1,0,0,0,0,0,0,0,0,0,0,0,0,0,0,0,0,0,3,1,0,false
/media/dhanush/Partition/MTech/4th_Semester/CS6.401_Software_Engineering/Take_Home_Activities/A2/Reservation-System-Starter/src/main/java/flight/reservation/Passenger.java,flight.reservation.Passenger,Passenger/1[java.lang.String],true,7,0,0,0,0,1,0,3,0,0,1,0,0,0,0,0,0,0,0,0,1,0,0,0,0,0,2,1,0,false
/media/dhanush/Partition/MTech/4th_Semester/CS6.401_Software_Engineering/Take_Home_Activities/A2/Reservation-System-Starter/src/main/java/flight/reservation/payment/Paypal.java,flight.reservation.payment.Paypal,(initializer 1),false,9,0,0,0,0,1,1,4,0,0,0,1,0,0,0,0,0,0,4,0,0,0,0,0,0,0,0,8,0,false
/media/dhanush/Partition/MTech/4th_Semester/CS6.401_Software_Engineering/Take_Home_Activities/A2/Reservation-System-Starter/src/main/java/flight/reservation/order/Order.java,flight.reservation.order.Order,setPassengers/1[java.util.List<flight.reservation.Passenger>],false,45,1,1,1,0,1,0,3,0,0,1,0,0,0,0,0,0,0,0,0,1,0,0,0,0,0,3,1,0,false
/media/dhanush/Partition/MTech/4th_Semester/CS6.401_Software_Engineering/Take_Home_Activities/A2/Reservation-System-Starter/src/main/java/flight/reservation/order/Order.java,flight.reservation.order.Order,setClosed/0,false,53,0,2,2,0,1,0,3,0,0,0,0,0,0,0,0,0,0,0,0,1,0,0,0,0,0,4,1,0,false
/media/dhanush/Partition/MTech/4th_Semester/CS6.401_Software_Engineering/Take_Home_Activities/A2/Reservation-System-Starter/src/main/java/flight/reservation/order/Order.java,flight.reservation.order.Order,setCustomer/1[flight.reservation.Customer],false,37,1,1,1,0,1,0,3,0,0,1,0,0,0,0,0,0,0,0,0,1,0,0,0,0,0,3,1,0,false
/media/dhanush/Partition/MTech/4th_Semester/CS6.401_Software_Engineering/Take_Home_Activities/A2/Reservation-System-Starter/src/main/java/flight/reservation/order/Order.java,flight.reservation.order.Order,getPrice/0,false,25,0,4,4,0,1,0,3,1,0,0,0,0,0,0,0,0,0,0,0,0,0,0,0,0,0,3,1,0,false
/media/dhanush/Partition/MTech/4th_Semester/CS6.401_Software_Engineering/Take_Home_Activities/A2/Reservation-System-Starter/src/main/java/flight/reservation/order/Order.java,flight.reservation.order.Order,getId/0,false,21,0,0,0,0,1,0,3,1,0,0,0,0,0,0,0,0,0,0,0,0,0,0,0,0,0,6,1,0,false
/media/dhanush/Partition/MTech/4th_Semester/CS6.401_Software_Engineering/Take_Home_Activities/A2/Reservation-System-Starter/src/main/java/flight/reservation/order/Order.java,flight.reservation.order.Order,Order/0,true,17,0,0,0,0,1,1,3,0,0,0,1,0,0,0,0,0,0,0,0,1,0,0,0,0,0,1,1,0,false
/media/dhanush/Partition/MTech/4th_Semester/CS6.401_Software_Engineering/Take_Home_Activities/A2/Reservation-System-Starter/src/main/java/flight/reservation/order/Order.java,flight.reservation.order.Order,isClosed/0,false,49,0,2,2,0,1,0,3,1,0,0,0,0,0,0,0,0,0,0,0,0,0,0,0,0,0,2,1,0,false
/media/dhanush/Partition/MTech/4th_Semester/CS6.401_Software_Engineering/Take_Home_Activities/A2/Reservation-System-Starter/src/main/java/flight/reservation/order/Order.java,flight.reservation.order.Order,getCustomer/0,false,33,1,0,0,0,1,0,3,1,0,0,0,0,0,0,0,0,0,0,0,0,0,0,0,0,0,3,1,0,false
/media/dhanush/Partition/MTech/4th_Semester/CS6.401_Software_Engineering/Take_Home_Activities/A2/Reservation-System-Starter/src/main/java/flight/reservation/order/Order.java,flight.reservation.order.Order,getPassengers/0,false,41,1,0,0,0,1,0,3,1,0,0,0,0,0,0,0,0,0,0,0,0,0,0,0,0,0,3,1,0,false
/media/dhanush/Partition/MTech/4th_Semester/CS6.401_Software_Engineering/Take_Home_Activities/A2/Reservation-System-Starter/src/main/java/flight/reservation/order/Order.java,flight.reservation.order.Order,setPrice/1[double],false,29,0,1,1,0,1,0,3,0,0,1,0,0,0,0,0,0,0,0,0,1,0,0,0,0,0,3,1,0,false
